FirstName,LastName,Email
John,Doe,john.doe@example.com
Jane,Smith,jane.smith@example.com
Michael,Johnson,michael.johnson@example.com
Emily,Brown,emily.brown@example.com
William,Davis,william.davis@example.com
Olivia,Miller,olivia.miller@example.com
James,Wilson,james.wilson@example.com
Sophia,Moore,sophia.moore@example.com
Robert,Taylor,robert.taylor@example.com
Emma,Anderson,emma.anderson@example.com
David,Thomas,david.thomas@example.com
Ava,Jackson,ava.jackson@example.com
Joseph,White,joseph.white@example.com
Isabella,Harris,isabella.harris@example.com
Charles,Martin,charles.martin@example.com
Mia,Thompson,mia.thompson@example.com
Thomas,Garcia,thomas.garcia@example.com
Charlotte,Martinez,charlotte.martinez@example.com
Daniel,Robinson,daniel.robinson@example.com
Amelia,Clark,amelia.clark@example.com
Paul,Rodriguez,paul.rodriguez@example.com
Harper,Lewis,harper.lewis@example.com
Mark,Lee,mark.lee@example.com
Evelyn,Walker,evelyn.walker@example.com
George,Hall,george.hall@example.com
Abigail,Allen,abigail.allen@example.com
Kenneth,Young,kenneth.young@example.com
Elizabeth,Hernandez,elizabeth.hernandez@example.com
Steven,King,steven.king@example.com
Sofia,Wright,sofia.wright@example.com
Edward,Lopez,edward.lopez@example.com
Avery,Hill,avery.hill@example.com
Brian,Scott,brian.scott@example.com
Ella,Green,ella.green@example.com
Ronald,Adams,ronald.adams@example.com
Scarlett,Baker,scarlett.baker@example.com
Jason,Gonzalez,jason.gonzalez@example.com
Grace,Nelson,grace.nelson@example.com
Jeffrey,Carter,jeffrey.carter@example.com
Chloe,Mitchell,chloe.mitchell@example.com
Ryan,Perez,ryan.perez@example.com
Zoey,Roberts,zoey.roberts@example.com
Jacob,Turner,jacob.turner@example.com
Lily,Phillips,lily.phillips@example.com
Gary,Campbell,gary.campbell@example.com
Layla,Parker,layla.parker@example.com
Nicholas,Evans,nicholas.evans@example.com
Hannah,Edwards,hannah.edwards@example.com
Eric,Collins,eric.collins@example.com
Aria,Stewart,aria.stewart@example.com